id,gage_id,comid,channel_id,timeseries_id
0,07227420,20001250,555bab42-b527-4e0d-a3a6-59474aed1ed3,36af5d44-7753-4dd2-86fd-dc90892e650f
1,07227500,19984864,555bab42-b527-4e0d-a3a6-59474aed1ed3,e6a38c63-7f62-46ea-be4f-79db951dfac2
2,07227890,24803965,555bab42-b527-4e0d-a3a6-59474aed1ed3,6c352775-02b9-493c-b926-1694f86239d2
3,07228000,19972126,555bab42-b527-4e0d-a3a6-59474aed1ed3,5c3948c1-faed-4cd5-b0ab-c6a1ad5e95a4
4,07233500,13837931,555bab42-b527-4e0d-a3a6-59474aed1ed3,31948a00-9f9e-421c-97e4-39b806017071
6,07295400,167484685,555bab42-b527-4e0d-a3a6-59474aed1ed3,8fcca9e6-1861-484e-a7db-369cbd2f0270
7,07295500,13914213,555bab42-b527-4e0d-a3a6-59474aed1ed3,da0183f7-4d99-4cc4-92e9-34ed8343e922
8,07297910,13925051,555bab42-b527-4e0d-a3a6-59474aed1ed3,01396ebd-5045-4c5f-889e-4fb2e574a145
9,07298500,13927805,555bab42-b527-4e0d-a3a6-59474aed1ed3,549d4dbe-462b-493c-9fcd-ebb76ebdb532
10,07299540,13956737,555bab42-b527-4e0d-a3a6-59474aed1ed3,e31078d3-1aeb-4076-93cb-57bc538c7146
11,07299670,13741403,555bab42-b527-4e0d-a3a6-59474aed1ed3,22d8faca-019e-4b98-9827-da0697d285fd
12,07299890,13546725,555bab42-b527-4e0d-a3a6-59474aed1ed3,58ea814d-3a37-45d8-9975-f2ff7e89dbc1
13,07300000,13531193,555bab42-b527-4e0d-a3a6-59474aed1ed3,713ebeeb-96ca-451f-a3ab-dc18cff9a392
14,07301300,13754391,555bab42-b527-4e0d-a3a6-59474aed1ed3,592fa381-7b5f-478d-a146-5605113eb994
15,07301410,13754363,555bab42-b527-4e0d-a3a6-59474aed1ed3,f4d5459a-f950-487d-9c79-6e51cb30ad0c
17,07308200,14002393,555bab42-b527-4e0d-a3a6-59474aed1ed3,dedc0273-f5d6-4f81-9e72-e7a183565db3
18,07308500,13971012,555bab42-b527-4e0d-a3a6-59474aed1ed3,f1ba90f2-d2fb-40f4-a15a-989a8ce49fec
20,07311700,13526822,555bab42-b527-4e0d-a3a6-59474aed1ed3,8a8ffd39-ed5f-4074-ae2d-937b44126353
21,07311800,13520741,555bab42-b527-4e0d-a3a6-59474aed1ed3,e0db8f01-516c-41dc-b407-f17d760dfd76
22,07311900,13733388,555bab42-b527-4e0d-a3a6-59474aed1ed3,d8edeabb-c2a1-4601-ad5f-2bdd24aa9b76
23,07312100,13732942,555bab42-b527-4e0d-a3a6-59474aed1ed3,14723c7e-c3fb-4ea3-8ce4-30cdd40308ed
24,07312110,13734206,555bab42-b527-4e0d-a3a6-59474aed1ed3,e8225341-2888-4db0-8c7a-e97b8185c954
26,07312200,13730379,555bab42-b527-4e0d-a3a6-59474aed1ed3,20184826-9a66-4457-a7b8-6979c51300ea
29,07312500,13734150,555bab42-b527-4e0d-a3a6-59474aed1ed3,64dd655e-72d3-4111-aaf6-546b18aa4307
30,07312610,13734154,555bab42-b527-4e0d-a3a6-59474aed1ed3,04c6dade-4a64-49ca-b1a1-7c25bf47abc9
31,07312700,13732288,555bab42-b527-4e0d-a3a6-59474aed1ed3,3b774e49-0974-49a6-bdef-a1a301bde9f3
32,07314500,13660637,555bab42-b527-4e0d-a3a6-59474aed1ed3,76cd9aec-6358-4a07-ba1a-cd747dc69321
33,07314900,13660341,555bab42-b527-4e0d-a3a6-59474aed1ed3,3836dcdb-2a80-4f0f-9955-e397f085c159
34,07315200,13660367,555bab42-b527-4e0d-a3a6-59474aed1ed3,88f599d5-4301-469c-be60-1d9e61b786c2
35,07315510,3133951,555bab42-b527-4e0d-a3a6-59474aed1ed3,4aba045c-18d6-47c6-9e65-f241868f992e
37,07331600,8350531,555bab42-b527-4e0d-a3a6-59474aed1ed3,02eb5a18-ef0d-4a58-9d49-ddc6ebc7dccd
38,07332605,8350199,555bab42-b527-4e0d-a3a6-59474aed1ed3,86537df5-1718-4250-92f1-c7e7b7c73798
40,07332622,8348819,555bab42-b527-4e0d-a3a6-59474aed1ed3,5a3cd2b0-70f0-4ae0-a59d-437472b4884e
41,07332655,8348519,555bab42-b527-4e0d-a3a6-59474aed1ed3,2ad4ccd0-0af3-4124-83de-f767b8213db7
42,07336820,9544021,555bab42-b527-4e0d-a3a6-59474aed1ed3,719ed76c-6351-4a1d-91a9-b2b2ddcbde96
44,07342470,4300965,555bab42-b527-4e0d-a3a6-59474aed1ed3,2f7cb14a-f19c-47ef-b541-d081934d81f2
45,07342480,4300953,555bab42-b527-4e0d-a3a6-59474aed1ed3,4514863d-aa8d-4e0a-b426-4b2a8a6eb241
46,07342500,4300941,555bab42-b527-4e0d-a3a6-59474aed1ed3,3d2bff31-4674-4747-a08c-295d312749be
47,07343000,4300911,555bab42-b527-4e0d-a3a6-59474aed1ed3,4895e47c-5168-4517-8694-ab819006cbda
48,07343200,1129593,555bab42-b527-4e0d-a3a6-59474aed1ed3,3c8053d8-be4d-41a5-9795-a3eef22b0ced
49,07343356,1129421,555bab42-b527-4e0d-a3a6-59474aed1ed3,648d6185-6b07-4f23-aa79-03b1e3322577
50,07343450,1128575,555bab42-b527-4e0d-a3a6-59474aed1ed3,369ff9c8-5caf-4278-a3b7-fac800848aca
51,07343500,1122795,555bab42-b527-4e0d-a3a6-59474aed1ed3,a057f6dd-8ab8-4ba1-b7cd-b0955ea0b0c5
52,07343840,1121321,555bab42-b527-4e0d-a3a6-59474aed1ed3,4ed1939b-e3f0-4e33-b75f-7196fef4aee8
53,07344100,1128207,555bab42-b527-4e0d-a3a6-59474aed1ed3,53c747c8-23e9-4a8d-b078-9761850ee862
54,07344210,1128277,555bab42-b527-4e0d-a3a6-59474aed1ed3,46604822-b1f2-4878-993f-10b7f627e911
56,07344493,1009020,555bab42-b527-4e0d-a3a6-59474aed1ed3,e5863f07-3edc-4122-8411-dc268066a99b
57,07344500,1009042,555bab42-b527-4e0d-a3a6-59474aed1ed3,d4e7fac4-3604-451b-8f45-196e32e0cda9
58,07346000,1017893,555bab42-b527-4e0d-a3a6-59474aed1ed3,0fdca148-e00f-487f-b8c6-49291532f9f3
59,07346045,1017865,555bab42-b527-4e0d-a3a6-59474aed1ed3,3ac6c872-c8f8-4217-bde3-99560891e11d
60,07346050,1042497,555bab42-b527-4e0d-a3a6-59474aed1ed3,7bb72ef7-e0e4-4645-b123-aaf7d6061128
61,07346070,1042491,555bab42-b527-4e0d-a3a6-59474aed1ed3,f05255d3-2dfa-42ab-8af8-d8195544389c
62,07346080,1018031,555bab42-b527-4e0d-a3a6-59474aed1ed3,97d32470-e560-4bc6-b7d3-a62247512002
63,08017200,5253949,555bab42-b527-4e0d-a3a6-59474aed1ed3,55d891e0-b2cd-439e-a4be-0fd3e764a7f5
64,08017250,5253913,555bab42-b527-4e0d-a3a6-59474aed1ed3,7a5a13de-540d-4ffb-9df0-e94e7ad4ecba
65,08017300,5254557,555bab42-b527-4e0d-a3a6-59474aed1ed3,c3c8b715-4e5b-4500-bd1c-9fa12a656f23
66,08017410,5256789,555bab42-b527-4e0d-a3a6-59474aed1ed3,a5e78e36-d405-4be5-92dd-0b2c380500e1
67,08017605,5255977,555bab42-b527-4e0d-a3a6-59474aed1ed3,4900e0d4-2b91-45af-8b11-f55208fd3f09
68,08017900,5256013,555bab42-b527-4e0d-a3a6-59474aed1ed3,9ad1af41-8cdb-499b-a8a0-21139ea65415
69,08018000,5256221,555bab42-b527-4e0d-a3a6-59474aed1ed3,44691cc2-b1d0-4493-b26d-0cc217b07d24
70,08018500,5275740,555bab42-b527-4e0d-a3a6-59474aed1ed3,5f989a64-4b72-4b82-b857-64d03c8ad68b
71,08019000,5293833,555bab42-b527-4e0d-a3a6-59474aed1ed3,ca2e2446-c663-4a33-90d5-c3f5434b064d
72,08019200,5275972,555bab42-b527-4e0d-a3a6-59474aed1ed3,76b6fa5e-5ac5-4e5d-a2d1-088c17cccbd2
73,08019500,5275798,555bab42-b527-4e0d-a3a6-59474aed1ed3,82017faa-d328-49f1-9d9b-f2395b9a1942
74,08020000,5274290,555bab42-b527-4e0d-a3a6-59474aed1ed3,679cde2b-4dab-40dd-bbae-7c418fc21dd7
75,08020450,5278688,555bab42-b527-4e0d-a3a6-59474aed1ed3,aa66d228-9acb-434e-8207-1c9b0629ad67
76,08020700,5278780,555bab42-b527-4e0d-a3a6-59474aed1ed3,42fdfd14-6367-47b5-a8ab-0c8955f115d7
77,08020900,5279488,555bab42-b527-4e0d-a3a6-59474aed1ed3,30853409-89f9-4069-a32b-389516ab6872
78,08022040,5278868,555bab42-b527-4e0d-a3a6-59474aed1ed3,c046e204-6a77-4f74-ab64-4e0355fabdb6
80,08022120,5279590,555bab42-b527-4e0d-a3a6-59474aed1ed3,4b4468e1-f3ea-49b1-b4f4-087e6cd9cc14
81,08022500,5280888,555bab42-b527-4e0d-a3a6-59474aed1ed3,602588af-426d-4503-85e9-98c0ce74d9e4
82,08024480,9535259,555bab42-b527-4e0d-a3a6-59474aed1ed3,60161eed-2066-4b87-b8c0-82ae73400ea1
83,08025240,9535391,555bab42-b527-4e0d-a3a6-59474aed1ed3,cc3d23d3-85f4-427f-aa66-a9237446eedc
84,08025356,8328658,555bab42-b527-4e0d-a3a6-59474aed1ed3,2b12952b-cad2-4558-a1f7-8a421c2a81cd
85,08025360,8328658,555bab42-b527-4e0d-a3a6-59474aed1ed3,e5a246ea-6032-4c86-9b5f-e9466c50f7c6
86,08026000,8329788,555bab42-b527-4e0d-a3a6-59474aed1ed3,125f04df-13f2-4c27-9f22-5818ef1a07b3
87,08028500,8330800,555bab42-b527-4e0d-a3a6-59474aed1ed3,e9455d6c-dc73-45bf-8d5f-9498554ec598
88,08029500,8330722,555bab42-b527-4e0d-a3a6-59474aed1ed3,213ebf7e-a20c-475f-baaf-5435d08fd135
89,08030500,8331804,555bab42-b527-4e0d-a3a6-59474aed1ed3,ad127128-2798-45fe-9c10-0e9c1d3ec96e
90,08031000,8331928,555bab42-b527-4e0d-a3a6-59474aed1ed3,5bcc0cfe-60a3-4e1d-b205-5650d57ee28f
91,08032000,4452936,555bab42-b527-4e0d-a3a6-59474aed1ed3,5c2e2fff-cda4-4f6a-82f5-b2f1c7f393dc
92,08032400,4453630,555bab42-b527-4e0d-a3a6-59474aed1ed3,b4b1e3f7-7a79-4006-8448-bdcf4f39f640
93,08032500,1077643,555bab42-b527-4e0d-a3a6-59474aed1ed3,c48275fb-4813-4822-a96e-56e5e2358954
94,08032700,1078299,555bab42-b527-4e0d-a3a6-59474aed1ed3,dbb29779-5424-4a4c-8bb8-17efd391c847
95,08033000,1079041,555bab42-b527-4e0d-a3a6-59474aed1ed3,3dc51f50-b05c-4405-8c13-cd63bd6a66a5
96,08033350,1078791,555bab42-b527-4e0d-a3a6-59474aed1ed3,6feddaea-c115-4b8f-a0f9-6be574fe6b30
97,08033500,1109655,555bab42-b527-4e0d-a3a6-59474aed1ed3,b2aced0e-2226-4e5e-871b-72085dbcc47d
98,08033900,1149925,555bab42-b527-4e0d-a3a6-59474aed1ed3,1aab4da7-8f68-48ef-8a44-59c7fbb4021f
99,08034500,1151409,555bab42-b527-4e0d-a3a6-59474aed1ed3,616a6ec1-2184-4aa2-a722-22067b0a4b4e
100,08036500,1150499,555bab42-b527-4e0d-a3a6-59474aed1ed3,c89cda72-3a46-47b7-bf75-2e396063ff6f
101,08037050,1158005,555bab42-b527-4e0d-a3a6-59474aed1ed3,1b88898d-b2e0-46a4-8abc-c385d49f5e4b
102,08037180,1152351,555bab42-b527-4e0d-a3a6-59474aed1ed3,3b5f70a3-8a9c-4441-9554-419c5069351d
103,08038000,1157813,555bab42-b527-4e0d-a3a6-59474aed1ed3,931b91c6-0be1-4a35-aeb9-78798d9db7a7
104,08039100,1159329,555bab42-b527-4e0d-a3a6-59474aed1ed3,08425e0f-a5f9-4183-8a4c-70dcf5d65222
105,08040600,1111453,555bab42-b527-4e0d-a3a6-59474aed1ed3,e81b8933-c942-4067-bbdc-168eb9abc99f
106,08041000,1114209,555bab42-b527-4e0d-a3a6-59474aed1ed3,b5b1aee8-b77e-45e0-bdeb-7ab12bcc7965
107,08041300,1166585,555bab42-b527-4e0d-a3a6-59474aed1ed3,1ea2fa8f-45c1-45e4-9b4c-975d466d7058
108,08041500,1166409,555bab42-b527-4e0d-a3a6-59474aed1ed3,ac591847-4ffc-4ba2-8fa3-6f52f9e8b6f8
109,08041700,1143252,555bab42-b527-4e0d-a3a6-59474aed1ed3,8144624c-834f-4897-80cd-380a5a75273f
110,08041749,1142814,555bab42-b527-4e0d-a3a6-59474aed1ed3,2e6cd8d7-9b5c-4ae5-90ae-29a746eb1a3b
111,08041780,1114345,555bab42-b527-4e0d-a3a6-59474aed1ed3,6aa01b36-f668-44e4-a422-5343ddffb886
112,08042558,1523673,555bab42-b527-4e0d-a3a6-59474aed1ed3,3078c4b2-a325-4768-8d35-67da9dc0415a
113,08042800,1304795,555bab42-b527-4e0d-a3a6-59474aed1ed3,db8344b3-5aac-4705-94de-e9d6365b5384
115,08042950,1305477,555bab42-b527-4e0d-a3a6-59474aed1ed3,ce17ffaf-6fee-412b-bee7-3c68b3ca2291
117,08044000,1305635,555bab42-b527-4e0d-a3a6-59474aed1ed3,29ca3dd6-3004-4238-bd2e-b8b37d831f0a
120,08044500,1305941,555bab42-b527-4e0d-a3a6-59474aed1ed3,d0512b5a-16f4-43f6-b4ed-a34ead0537d1
121,08044800,1306815,555bab42-b527-4e0d-a3a6-59474aed1ed3,2811e4a9-8d05-4ae5-8fee-613439755620
122,08045550,1268432,555bab42-b527-4e0d-a3a6-59474aed1ed3,3f4ad517-1c2d-4b88-adcb-173c32b933b0
123,08045850,1268504,555bab42-b527-4e0d-a3a6-59474aed1ed3,847d583f-b21e-4687-ae58-21098318c153
124,08045995,1268578,555bab42-b527-4e0d-a3a6-59474aed1ed3,d4a2c5c9-1835-4924-8828-d454f1a0ac7c
125,08047000,1268934,555bab42-b527-4e0d-a3a6-59474aed1ed3,c9da2de9-5c66-420e-adae-8a3306ea107d
126,08047050,1268514,555bab42-b527-4e0d-a3a6-59474aed1ed3,d3dd8918-5524-48af-be20-e8917e76627d
127,08047500,1268904,555bab42-b527-4e0d-a3a6-59474aed1ed3,6f044e45-0792-479b-b26d-662d7e597652
128,08048000,1268410,555bab42-b527-4e0d-a3a6-59474aed1ed3,554ff746-4477-4902-aff5-41b58c4bd741
129,08048543,1268426,555bab42-b527-4e0d-a3a6-59474aed1ed3,2391f515-d19f-4961-b7b1-0239ef607c80
130,08048800,1268884,555bab42-b527-4e0d-a3a6-59474aed1ed3,82495641-7fdd-4114-bd25-178c4e152d68
131,08048890,1268740,555bab42-b527-4e0d-a3a6-59474aed1ed3,7a9bd346-6f8a-4bdf-b13e-873a45648259
132,08048922,1268642,555bab42-b527-4e0d-a3a6-59474aed1ed3,eac9302e-2fb2-4623-bf8a-27c295731ec8
133,08048970,1268612,555bab42-b527-4e0d-a3a6-59474aed1ed3,20ac68d3-b64c-4012-bbc6-6f8a42704b5d
135,08049300,1268382,555bab42-b527-4e0d-a3a6-59474aed1ed3,f48fe318-18b2-4d87-9d0e-58a875c10d45
136,08049500,1269868,555bab42-b527-4e0d-a3a6-59474aed1ed3,9bcb2ea6-ce24-49ac-baa4-dd7c8219d907
142,804956950,1268356,555bab42-b527-4e0d-a3a6-59474aed1ed3,b1b8e7db-b51a-49aa-ad69-eb49786640f9
143,08049580,1270482,555bab42-b527-4e0d-a3a6-59474aed1ed3,45e13c22-d108-44f5-9293-1be1a9fea4fd
144,08049700,1268648,555bab42-b527-4e0d-a3a6-59474aed1ed3,6baf4846-79bd-42fa-9470-1685c0e6592a
145,08050100,1269870,555bab42-b527-4e0d-a3a6-59474aed1ed3,da4cd31c-9ca0-4fb0-b5c5-c9eeee8fb544
146,08050350,1274826,555bab42-b527-4e0d-a3a6-59474aed1ed3,35dd444c-806c-4348-87ef-9d95faf0b179
147,08050400,1274838,555bab42-b527-4e0d-a3a6-59474aed1ed3,12b4f350-1d26-46a4-a3fb-1fd8e18dc2ee
148,08050800,1275870,555bab42-b527-4e0d-a3a6-59474aed1ed3,55c90207-61e6-4f2b-8984-224169fb5283
149,08050840,1275872,555bab42-b527-4e0d-a3a6-59474aed1ed3,baec8fed-9981-45bd-8c33-b757f289b0ec
150,08051135,1276822,555bab42-b527-4e0d-a3a6-59474aed1ed3,5fb7e14f-05e8-4510-ae6a-c29e3aa8113c
151,08051500,1276892,555bab42-b527-4e0d-a3a6-59474aed1ed3,2d6b6c77-f7d4-448f-9b48-45b8587eb08c
152,08052700,1278534,555bab42-b527-4e0d-a3a6-59474aed1ed3,df5ebfff-033d-42d3-854f-d3d35839c14a
153,08052745,1278616,555bab42-b527-4e0d-a3a6-59474aed1ed3,47e021c5-375f-4002-9087-475c21deb1f4
154,08052780,1277158,555bab42-b527-4e0d-a3a6-59474aed1ed3,1b3dbaa0-cf3e-4060-85c3-4352267de424
155,08053000,1278624,555bab42-b527-4e0d-a3a6-59474aed1ed3,95ff8012-adf1-43df-8f8a-976ccd04068d
156,08053009,1278566,555bab42-b527-4e0d-a3a6-59474aed1ed3,78bd6fe7-9002-4526-adae-be036037cba9
157,08053025,1277240,555bab42-b527-4e0d-a3a6-59474aed1ed3,c6069f49-9b26-4eb7-a79e-3b6dc3a033df
158,08053090,1279586,555bab42-b527-4e0d-a3a6-59474aed1ed3,845a6503-f489-46d9-a1ba-78b1ca64f488
159,08053430,1285377,555bab42-b527-4e0d-a3a6-59474aed1ed3,7d345cf4-c3fe-4217-a55b-8995a3b840ec
160,08053500,1285627,555bab42-b527-4e0d-a3a6-59474aed1ed3,24bf40ae-576e-4d9d-b5dc-a5c3acf880b9
161,08055000,1287145,555bab42-b527-4e0d-a3a6-59474aed1ed3,84bae7b1-0410-4660-ac72-f20b2fb5d065
162,08055500,1279694,555bab42-b527-4e0d-a3a6-59474aed1ed3,8108900d-e9a3-44f3-85df-2786c0449717
163,08055560,1279696,555bab42-b527-4e0d-a3a6-59474aed1ed3,0cae4726-e3e7-4f80-b7ab-e6e62ac0a36f
164,08056500,1260357,555bab42-b527-4e0d-a3a6-59474aed1ed3,a4cbb589-0241-4932-a95b-c0e37fbff1af
165,08057000,942030011,555bab42-b527-4e0d-a3a6-59474aed1ed3,aaa3779d-4bde-477e-9643-0ad5cc74fb74
166,08057200,1260353,555bab42-b527-4e0d-a3a6-59474aed1ed3,64b1c540-ad52-47a0-9921-a16b53349707
167,08057300,1260405,555bab42-b527-4e0d-a3a6-59474aed1ed3,32e7fc95-4b08-41c4-b1d9-0594c8cc4432
168,08057410,1260375,555bab42-b527-4e0d-a3a6-59474aed1ed3,f729c690-3c95-410e-aafb-cbf29a8016d8
171,08059000,1292124,555bab42-b527-4e0d-a3a6-59474aed1ed3,a543a4b0-3120-43c2-9068-10ba100f064e
172,08059350,1292096,555bab42-b527-4e0d-a3a6-59474aed1ed3,456ff27a-f4b6-4ef7-bcb1-009671ccac02
173,08059400,1292054,555bab42-b527-4e0d-a3a6-59474aed1ed3,483f4462-778d-402f-97c0-4b81a9bd3535
174,08059590,1292128,555bab42-b527-4e0d-a3a6-59474aed1ed3,7c36ca41-ec1b-4b4c-a824-9841235fa608
175,08061000,1292272,555bab42-b527-4e0d-a3a6-59474aed1ed3,37a54b24-5499-4b23-becd-bbd8ed08a273
176,08061480,1293000,555bab42-b527-4e0d-a3a6-59474aed1ed3,59c84143-cff1-46b9-bbd4-4513256c4c44
177,08061540,1293010,555bab42-b527-4e0d-a3a6-59474aed1ed3,9080e2a4-24cb-44af-8fed-5f4055b62a57
178,08061548,1292996,555bab42-b527-4e0d-a3a6-59474aed1ed3,dcec0122-62df-47a7-89fd-e4ce886f5a80
179,08061551,1293252,555bab42-b527-4e0d-a3a6-59474aed1ed3,7d692165-5e7f-4d1e-8a0e-29adc6610ebe
180,08061551,1294840,555bab42-b527-4e0d-a3a6-59474aed1ed3,7d692165-5e7f-4d1e-8a0e-29adc6610ebe
181,08061750,1293064,555bab42-b527-4e0d-a3a6-59474aed1ed3,a5dc4282-6ca9-42f9-8e42-8c0d05ccee50
182,08062000,1293094,555bab42-b527-4e0d-a3a6-59474aed1ed3,4c3ebee7-fe5b-4306-9aa7-9f3be0b460ae
183,08062095,1262793,555bab42-b527-4e0d-a3a6-59474aed1ed3,61d9fcc1-630d-47af-bd97-0849fc74f0de
184,08062500,1262531,555bab42-b527-4e0d-a3a6-59474aed1ed3,8154f0b0-af68-4f2d-b8de-7740d6c72831
185,08062575,1262903,555bab42-b527-4e0d-a3a6-59474aed1ed3,7bc9470c-f24c-42d4-83c1-1549e437a9d5
186,08062700,1262643,555bab42-b527-4e0d-a3a6-59474aed1ed3,d27d3cd7-3f51-4671-93f9-146d07a5555c
187,08062800,1297176,555bab42-b527-4e0d-a3a6-59474aed1ed3,1c0e3da8-3edd-49fb-80a4-7c06aa53ed7b
188,08062895,1297270,555bab42-b527-4e0d-a3a6-59474aed1ed3,6e28f41e-6567-4ac0-be4b-fc0062c066c1
189,08063030,4133309,555bab42-b527-4e0d-a3a6-59474aed1ed3,d5d07a9c-d3a3-4968-9ddf-9ed0a1a7b227
190,08063040,4131629,555bab42-b527-4e0d-a3a6-59474aed1ed3,1ea89da5-ef0b-4cc8-9ba9-0befa1775c81
191,08063048,4133115,555bab42-b527-4e0d-a3a6-59474aed1ed3,0e7f5608-94e0-445c-91c8-4a4af16bf238
192,08063100,4133253,555bab42-b527-4e0d-a3a6-59474aed1ed3,3055dcf4-9c8b-4e1e-a4d0-67aebb071da1
193,08063460,4133151,555bab42-b527-4e0d-a3a6-59474aed1ed3,cf4c0014-1e43-4609-8fc9-97c055c4f83e
194,08063562,1446974,555bab42-b527-4e0d-a3a6-59474aed1ed3,3c5d9528-3422-482e-b135-3bcc8603559f
195,08063590,1446498,555bab42-b527-4e0d-a3a6-59474aed1ed3,ac0df1ca-4754-4cc5-bbd6-90685cf78ccc
196,08063800,1446926,555bab42-b527-4e0d-a3a6-59474aed1ed3,56e96abf-1aac-4dee-a5cd-83beb23d59f0
197,08064100,1446644,555bab42-b527-4e0d-a3a6-59474aed1ed3,260ec3ed-e0eb-450e-b41e-c7634a0543d0
198,08064570,1264655,555bab42-b527-4e0d-a3a6-59474aed1ed3,1f78fcdc-025a-437b-95d5-a3849fc6d19f
199,08064700,1454931,555bab42-b527-4e0d-a3a6-59474aed1ed3,e13a06ad-8c69-40c0-8ccd-97956173d21b
200,08065000,1453127,555bab42-b527-4e0d-a3a6-59474aed1ed3,d83d0b07-dcf2-49bf-86fc-ed8a77b1bb14
201,08065200,1453353,555bab42-b527-4e0d-a3a6-59474aed1ed3,138f1b84-f855-4888-8ead-9118ef548fbf
202,08065350,1484774,555bab42-b527-4e0d-a3a6-59474aed1ed3,9fb35340-eb9f-49b3-93ea-5a0d84f78d4b
203,08065800,1491202,555bab42-b527-4e0d-a3a6-59474aed1ed3,a66bfae5-61f7-4b20-a058-1983798af707
205,08066175,1491354,555bab42-b527-4e0d-a3a6-59474aed1ed3,d4bfcff6-6ab6-4277-8f00-7660b7aa9b79
206,08066200,1487570,555bab42-b527-4e0d-a3a6-59474aed1ed3,53663f01-d2fb-4678-9773-35d196b00889
207,08066250,1487840,555bab42-b527-4e0d-a3a6-59474aed1ed3,1f9786cc-1c79-4458-83a7-40dc41abf6cd
208,08066300,1494036,555bab42-b527-4e0d-a3a6-59474aed1ed3,cea19dfd-4bd6-453c-9b00-7a3f51b1f4d3
209,08066500,1513293,555bab42-b527-4e0d-a3a6-59474aed1ed3,01bdb700-c010-4aa2-89ee-62e2195836be
210,08067000,1513385,555bab42-b527-4e0d-a3a6-59474aed1ed3,0e3082a8-2b1a-476b-a88a-4f8f2e9cb1ce
211,08067070,1516475,555bab42-b527-4e0d-a3a6-59474aed1ed3,4658424b-9cf2-43b6-8513-d3b554de4dc8
212,08067250,1515433,555bab42-b527-4e0d-a3a6-59474aed1ed3,d0091249-88fd-45a0-aaf4-19ae41397a18
213,08067500,1558738,555bab42-b527-4e0d-a3a6-59474aed1ed3,c7abcc23-cd99-4ac6-a338-5f52f809127c
214,08067525,1558800,555bab42-b527-4e0d-a3a6-59474aed1ed3,2185b09c-f492-45be-9c60-87b47b512063
215,08067548,1465746,555bab42-b527-4e0d-a3a6-59474aed1ed3,9e4936e2-83b1-492b-86a3-62683ece9327
216,08067650,1467944,555bab42-b527-4e0d-a3a6-59474aed1ed3,b84a736f-9c8b-45d0-8558-d5df9ec83e8b
217,08067690,1467894,555bab42-b527-4e0d-a3a6-59474aed1ed3,1441a1b3-9680-497a-8c67-ea6dfa4b497c
219,08067920,1468038,555bab42-b527-4e0d-a3a6-59474aed1ed3,300d6a77-c13d-46ab-adee-d6f37ee5b035
220,08068000,1468280,555bab42-b527-4e0d-a3a6-59474aed1ed3,86d8aad3-4905-4afa-98cd-eb2fe7d5766a
221,08068090,1468098,555bab42-b527-4e0d-a3a6-59474aed1ed3,8bfbac82-3eb4-447b-9177-2949c67dc883
222,08068275,1508047,555bab42-b527-4e0d-a3a6-59474aed1ed3,2576a3f6-f4f3-45d9-a0bd-2cd80a801941
224,08068310,1508275,555bab42-b527-4e0d-a3a6-59474aed1ed3,f2a4a6ea-87c9-41b0-aa9a-9be3d9c30238
225,08068325,1508279,555bab42-b527-4e0d-a3a6-59474aed1ed3,eab49948-90d5-4947-8748-fe69e2eb7f31
226,08068390,1508263,555bab42-b527-4e0d-a3a6-59474aed1ed3,d3d1a49d-6792-4c27-8eb7-b7bd2fcc6567
227,08068400,1507967,555bab42-b527-4e0d-a3a6-59474aed1ed3,90c93351-daec-4b2e-b3ce-91fcf2f4841b
228,08068450,1508045,555bab42-b527-4e0d-a3a6-59474aed1ed3,ffaacd35-b205-47a2-abf6-ed54d78efc64
229,08068500,1508043,555bab42-b527-4e0d-a3a6-59474aed1ed3,29310a27-e384-483a-a014-db79fbcbd352
231,08068720,1509241,555bab42-b527-4e0d-a3a6-59474aed1ed3,ba394a6b-0018-4609-9831-e37dfeb01606
232,08068740,1509209,555bab42-b527-4e0d-a3a6-59474aed1ed3,9a73f180-6238-4df3-b3e5-de5361f16df3
233,08068780,1508121,555bab42-b527-4e0d-a3a6-59474aed1ed3,7c03ee52-464e-4e8d-baa2-9bb45f150761
234,08068800,1509175,555bab42-b527-4e0d-a3a6-59474aed1ed3,7181d036-adde-404b-bc8f-bfc4de8dd9d8
235,08068900,1508295,555bab42-b527-4e0d-a3a6-59474aed1ed3,e0868d92-43fe-4a7b-af4f-6c8564e6dbe4
236,08069000,1508289,555bab42-b527-4e0d-a3a6-59474aed1ed3,628c52d1-ae30-4911-b0f6-a3373fb0c76f
237,08069500,1468442,555bab42-b527-4e0d-a3a6-59474aed1ed3,72ea3687-d9d4-4f4f-9f3a-19473f5ce41d
238,08069800,1519009,555bab42-b527-4e0d-a3a6-59474aed1ed3,dc309b21-0d6f-49b3-abad-53843e6e0c3b
239,08070000,1520007,555bab42-b527-4e0d-a3a6-59474aed1ed3,af9f0d72-0c39-499e-9c02-283e70e58a78
240,08070200,1520083,555bab42-b527-4e0d-a3a6-59474aed1ed3,b688cc2c-1194-4f62-8588-4d1e9bf6487c
241,08070500,1520249,555bab42-b527-4e0d-a3a6-59474aed1ed3,9f49c67c-744c-46da-bf5e-4c5502aa951a
242,08071000,1520237,555bab42-b527-4e0d-a3a6-59474aed1ed3,b12d4782-ec80-46fd-ae39-0cec807d8bd1
243,08071250,1520073,555bab42-b527-4e0d-a3a6-59474aed1ed3,4a9f1710-352a-4800-ad0b-858bd6688dd7
244,08071280,1520091,555bab42-b527-4e0d-a3a6-59474aed1ed3,76af6c52-6e93-440b-af88-d0b320da102a
245,08072050,1440433,555bab42-b527-4e0d-a3a6-59474aed1ed3,6d4ee46e-3acd-43e8-9126-682e4f86eb68
246,08072300,1440311,555bab42-b527-4e0d-a3a6-59474aed1ed3,8fb68b60-bf3f-403d-9e0e-8bfdf028e659
247,08072470,1440305,555bab42-b527-4e0d-a3a6-59474aed1ed3,65f5a789-c0f4-476f-80ee-ee6a6c16426b
248,08072600,1439269,555bab42-b527-4e0d-a3a6-59474aed1ed3,db667f57-c6b7-4b2c-b156-00994ce13073
249,08072680,1440261,555bab42-b527-4e0d-a3a6-59474aed1ed3,449d3455-c65c-4768-b4a9-25fd0dce1101
250,08072730,1440237,555bab42-b527-4e0d-a3a6-59474aed1ed3,b25923a1-5b00-45d6-b460-5b4a92cd3ef5
251,08072760,1440211,555bab42-b527-4e0d-a3a6-59474aed1ed3,5258de67-4f31-462f-96a7-a21d5530e028
252,08073100,1440289,555bab42-b527-4e0d-a3a6-59474aed1ed3,962e0f12-8830-498d-9b8a-e7c15bca2e22
253,08073500,1439317,555bab42-b527-4e0d-a3a6-59474aed1ed3,2e894af7-96e7-4459-a94d-9fd320592a65
254,08073600,1439357,555bab42-b527-4e0d-a3a6-59474aed1ed3,ddd67bd0-e9d4-4673-b4d6-8fd266dfdc01
256,08073700,1439377,555bab42-b527-4e0d-a3a6-59474aed1ed3,9ac263c0-3024-467f-a528-dfc4f0b6ceb1
257,08074000,1440301,555bab42-b527-4e0d-a3a6-59474aed1ed3,8887a99f-3e5c-4136-8bfc-54ed01d78fd8
258,08074020,1438725,555bab42-b527-4e0d-a3a6-59474aed1ed3,ac45edd0-57e4-499b-a878-5fb3bde1f7b3
259,08074150,1440227,555bab42-b527-4e0d-a3a6-59474aed1ed3,e1705444-541f-4d39-8e5a-adb0734d93be
260,08074250,1440245,555bab42-b527-4e0d-a3a6-59474aed1ed3,2d3f4d37-61ca-4d44-9a26-353c9fe956ab
261,08074500,1440291,555bab42-b527-4e0d-a3a6-59474aed1ed3,34e5d4f3-947f-471c-878c-c08319952bef
262,08074540,1439229,555bab42-b527-4e0d-a3a6-59474aed1ed3,cdc552e9-152f-4e0d-bc61-cb168841029b
263,08074760,1439495,555bab42-b527-4e0d-a3a6-59474aed1ed3,f23a1cb1-45c2-43ff-88b7-6944a59e69f5
264,08074800,1440395,555bab42-b527-4e0d-a3a6-59474aed1ed3,cf629384-0d4a-4e86-9da6-ff01e63d95e0
265,08074810,1439635,555bab42-b527-4e0d-a3a6-59474aed1ed3,9b07c13a-d5e3-4b51-9ad5-e6b4387ad238
266,08075000,1440385,555bab42-b527-4e0d-a3a6-59474aed1ed3,cbd9895e-e7d9-45cb-b253-a9401d793e0e
267,08075110,1440385,555bab42-b527-4e0d-a3a6-59474aed1ed3,145056a2-17c2-465f-ae4b-df3b05268c9d
268,08075400,1439761,555bab42-b527-4e0d-a3a6-59474aed1ed3,c333b6a0-a7af-4df9-bfdd-4ce81bfeb150
269,08075500,1439685,555bab42-b527-4e0d-a3a6-59474aed1ed3,10a307c3-4560-43cb-be85-df38d05973a0
270,08075605,1439663,555bab42-b527-4e0d-a3a6-59474aed1ed3,6785c841-10ff-4404-869e-1842276526a2
271,08075730,1440389,555bab42-b527-4e0d-a3a6-59474aed1ed3,7dc21a43-68cd-4f0a-8f36-76dc3aeee4b7
272,08075763,1439055,555bab42-b527-4e0d-a3a6-59474aed1ed3,8c41d99b-765f-448a-8d17-a8a446a7f9b8
273,08075770,1440277,555bab42-b527-4e0d-a3a6-59474aed1ed3,5029ce2a-dec7-4787-b015-c6f6ca8d9f5c
274,08075780,1438277,555bab42-b527-4e0d-a3a6-59474aed1ed3,bddcdd47-b5d1-418f-bf4e-f6982ea2fb90
275,08075900,1438283,555bab42-b527-4e0d-a3a6-59474aed1ed3,92007017-2199-43a5-a290-34b8cf66e06d
276,08076000,1440183,555bab42-b527-4e0d-a3a6-59474aed1ed3,74b6612a-e05f-4fc6-9977-26a7c1767a25
277,08076180,1438379,555bab42-b527-4e0d-a3a6-59474aed1ed3,88cef543-0937-4366-9515-c95dba150532
278,08076500,1438737,555bab42-b527-4e0d-a3a6-59474aed1ed3,6659e184-3a34-480e-8d79-e2c099cadf64
279,08076700,1440239,555bab42-b527-4e0d-a3a6-59474aed1ed3,e3f97365-0daf-43b2-b532-ab8bda927910
280,08076997,1562342,555bab42-b527-4e0d-a3a6-59474aed1ed3,950d8342-8dc1-4cd9-8b5a-7956931faa54
281,08077600,1563092,555bab42-b527-4e0d-a3a6-59474aed1ed3,8e383eb5-d613-40c0-b4e0-11003009ea00
282,08078000,1566182,555bab42-b527-4e0d-a3a6-59474aed1ed3,19e9ffb4-6c6b-4c65-95e3-d1718f1f9cea
283,08079510,13718559,555bab42-b527-4e0d-a3a6-59474aed1ed3,fba936da-61d8-451e-9a38-b30d7830a0c5
284,08079600,13698835,555bab42-b527-4e0d-a3a6-59474aed1ed3,c66bff7d-48c5-4c37-9352-4fcf0b2e1bc9
286,08080505,13700695,555bab42-b527-4e0d-a3a6-59474aed1ed3,565db365-102b-4b61-98ee-58d74bc4eae0
287,08080700,13676139,555bab42-b527-4e0d-a3a6-59474aed1ed3,67c76c86-1923-4ce0-92de-4824e07ec01e
288,08082000,14033905,555bab42-b527-4e0d-a3a6-59474aed1ed3,2db04be1-f03f-4ee3-833b-2a81d5380108
290,08082500,5539988,555bab42-b527-4e0d-a3a6-59474aed1ed3,c8698ae6-4e66-48ca-9b6c-e251d623b408
291,08082700,5542148,555bab42-b527-4e0d-a3a6-59474aed1ed3,ef62e3be-33e9-440d-bf5e-af43bff3bb60
292,08083100,5488917,555bab42-b527-4e0d-a3a6-59474aed1ed3,44ba4c99-481f-428b-9865-41a90b52a2bd
294,08083235,5489405,555bab42-b527-4e0d-a3a6-59474aed1ed3,5929ed32-3582-4657-a4bd-e89ab45048df
295,08083240,5489939,555bab42-b527-4e0d-a3a6-59474aed1ed3,80b96c1d-b2ce-4f89-afc9-f8f28c036976
296,08083420,5491645,555bab42-b527-4e0d-a3a6-59474aed1ed3,43e22fd5-55bf-46a3-833b-70e263c88cca
297,08083430,5489503,555bab42-b527-4e0d-a3a6-59474aed1ed3,5045a0db-c3fa-4f42-99f5-7db2dcfe581f
298,08083480,5491437,555bab42-b527-4e0d-a3a6-59474aed1ed3,67fab494-e4c4-45e6-9186-35942a2bf75d
299,08084000,5489397,555bab42-b527-4e0d-a3a6-59474aed1ed3,0859eb36-85a7-4cb9-9a3d-6607a45f3be8
300,08084200,5489343,555bab42-b527-4e0d-a3a6-59474aed1ed3,066835c7-5074-4300-b54a-4f7a0bda9d90
301,08084800,5509690,555bab42-b527-4e0d-a3a6-59474aed1ed3,4adf86c9-d7c0-4e2b-a517-b3b9edfffa2a
302,08085500,5521636,555bab42-b527-4e0d-a3a6-59474aed1ed3,46dde4f5-3838-4d30-90ed-9d0a0ca237c0
303,08086050,5525639,555bab42-b527-4e0d-a3a6-59474aed1ed3,8b51ec54-a1fb-4efc-a7b2-9626e4811cb3
304,08086212,5525607,555bab42-b527-4e0d-a3a6-59474aed1ed3,57568c4e-cd3f-4107-93b8-d9dea8396ff4
305,08086290,5525073,555bab42-b527-4e0d-a3a6-59474aed1ed3,48b446a9-eea7-4bde-a68d-e6441633a51d
306,08086500,5526143,555bab42-b527-4e0d-a3a6-59474aed1ed3,e881fa01-229a-41d2-aa99-b1e4c72ffb27
307,08087300,5522448,555bab42-b527-4e0d-a3a6-59474aed1ed3,78e6ce9c-333d-4dd1-9cb1-cb8bc9827d8f
308,08088000,5494668,555bab42-b527-4e0d-a3a6-59474aed1ed3,06e4bd39-ec86-483b-8dda-ea6b9e5101f4
309,08088430,5494600,555bab42-b527-4e0d-a3a6-59474aed1ed3,ae280302-8fe2-4558-b194-e680c001e285
310,08088470,5495852,555bab42-b527-4e0d-a3a6-59474aed1ed3,fa3e637e-a987-4435-bd7c-1b7b2642024f
311,08088610,24943191,555bab42-b527-4e0d-a3a6-59474aed1ed3,45a4b149-af9e-443b-bdf0-b5f06e634104
312,08089000,5497132,555bab42-b527-4e0d-a3a6-59474aed1ed3,eba8f99b-cb3f-4121-9102-4c4120f2c283
313,08090800,5498058,555bab42-b527-4e0d-a3a6-59474aed1ed3,3a3da985-9d16-4678-97f2-936fd78bce1c
314,08090905,5499434,555bab42-b527-4e0d-a3a6-59474aed1ed3,7046d061-81b4-401b-ab2f-b09e0b5c57df
315,08091000,5512484,555bab42-b527-4e0d-a3a6-59474aed1ed3,75caa21b-d665-4818-84e6-68a5a9fac425
316,08091500,5512008,555bab42-b527-4e0d-a3a6-59474aed1ed3,d6cbb80c-c14d-4322-967c-54946099641b
317,08091750,5512356,555bab42-b527-4e0d-a3a6-59474aed1ed3,36366282-c52c-4970-bfe5-dbb50ffc3bdc
318,08092000,5512092,555bab42-b527-4e0d-a3a6-59474aed1ed3,2691f8f5-a743-4246-ad83-d76c582d50a0
319,08093100,5513718,555bab42-b527-4e0d-a3a6-59474aed1ed3,ff35a9bd-cd8f-4b73-bc35-73beb5877c6a
321,08093360,166414852,555bab42-b527-4e0d-a3a6-59474aed1ed3,0c81b437-19c4-49ad-9185-d2e161170ff4
322,08094800,5530672,555bab42-b527-4e0d-a3a6-59474aed1ed3,f4ef1f77-4c8c-428e-bf10-ab055705a841
323,08095000,5531532,555bab42-b527-4e0d-a3a6-59474aed1ed3,a54c8a7d-ae56-4e78-bd34-9d52d0a15cd6
324,08095200,5531474,555bab42-b527-4e0d-a3a6-59474aed1ed3,dbdf3107-b1fc-4362-91a8-db60a6537d87
325,08095300,5523936,555bab42-b527-4e0d-a3a6-59474aed1ed3,253c1751-63c6-416c-9e8c-33b14073ecb7
326,08095400,5523974,555bab42-b527-4e0d-a3a6-59474aed1ed3,f14a5b85-1414-469a-a9ca-eb67eb678094
327,08096500,5513784,555bab42-b527-4e0d-a3a6-59474aed1ed3,62a70eea-b990-46be-9c24-afb64a45ec7c
328,08098290,5555562,555bab42-b527-4e0d-a3a6-59474aed1ed3,9d12c46e-c3d4-43e4-9d7c-37250bc32daa
329,08098300,5555300,555bab42-b527-4e0d-a3a6-59474aed1ed3,8708d932-4ea3-456a-9009-192a1f3438bc
330,08099100,2567762,555bab42-b527-4e0d-a3a6-59474aed1ed3,e776e8df-6a67-4599-918b-bc14f9b34f79
331,08099300,2567906,555bab42-b527-4e0d-a3a6-59474aed1ed3,55202b06-d706-4575-9ec4-5826d3000543
332,08099382,2568024,555bab42-b527-4e0d-a3a6-59474aed1ed3,3df4ebc5-b602-4cd6-8cdb-d3890b8f9d88
333,08099500,2569756,555bab42-b527-4e0d-a3a6-59474aed1ed3,69918470-dd23-4e79-9aad-43ab8bebff2b
334,08100000,2569332,555bab42-b527-4e0d-a3a6-59474aed1ed3,f3bd6bd1-0f26-405c-9ee3-3331b9eeb6aa
335,08100500,2572206,555bab42-b527-4e0d-a3a6-59474aed1ed3,7d55eb4f-ba3b-4e4b-a901-95718c175e67
336,08101000,2580511,555bab42-b527-4e0d-a3a6-59474aed1ed3,9b36a7fe-9616-4333-9ec1-465157c1879f
337,08102500,2572116,555bab42-b527-4e0d-a3a6-59474aed1ed3,776828d2-575c-4bd6-a321-fadf0717ee69
338,08102595,2572260,555bab42-b527-4e0d-a3a6-59474aed1ed3,f5357db6-9115-4c4f-8cac-0bb03ffddb04
339,08103800,5586798,555bab42-b527-4e0d-a3a6-59474aed1ed3,836e33f1-66a2-4662-9470-7d4d64e3710a
340,08103900,5587890,555bab42-b527-4e0d-a3a6-59474aed1ed3,7db4f228-c61f-4840-8034-a83568ab7cdd
341,08103940,5588558,555bab42-b527-4e0d-a3a6-59474aed1ed3,6f5325e5-8849-4204-9f0f-f89df0afca2b
342,08104055,5587556,555bab42-b527-4e0d-a3a6-59474aed1ed3,2113c0d1-b8ac-41bd-8a39-1031b4e0af28
343,08104100,5587556,555bab42-b527-4e0d-a3a6-59474aed1ed3,5fdf48e8-4b2a-4cc6-ba6b-d0ba89037907
344,08104300,5588596,555bab42-b527-4e0d-a3a6-59474aed1ed3,3a0357fe-5270-4638-891b-382b59d15d30
345,08104500,5592244,555bab42-b527-4e0d-a3a6-59474aed1ed3,33ae975d-5a53-4763-8470-41b2d3d57979
346,810464660,5670825,555bab42-b527-4e0d-a3a6-59474aed1ed3,c3143fa8-3200-4e4c-bbfa-b364b9d3cd25
347,08104700,5670899,555bab42-b527-4e0d-a3a6-59474aed1ed3,c807b07b-f1c3-4fed-b3f6-59128c95e597
348,08104900,5671579,555bab42-b527-4e0d-a3a6-59474aed1ed3,644b16fa-e84c-4181-8ab6-47c7c8ccde79
349,08105095,5670841,555bab42-b527-4e0d-a3a6-59474aed1ed3,f7dc6a11-147e-4538-b7d6-ce116f986a89
351,08105505,5670779,555bab42-b527-4e0d-a3a6-59474aed1ed3,60ff10c8-c33b-4b7c-8129-b000e7e9ff52
352,08105700,5670795,555bab42-b527-4e0d-a3a6-59474aed1ed3,c7af674d-d09c-4471-a418-7d2db7e06b8e
353,08105872,5671619,555bab42-b527-4e0d-a3a6-59474aed1ed3,23cff535-83b3-4722-8a88-ebb8a9e3edda
354,08105883,5671189,555bab42-b527-4e0d-a3a6-59474aed1ed3,11b2f413-e237-4196-b9f5-1af28db22ee7
355,08105886,5673157,555bab42-b527-4e0d-a3a6-59474aed1ed3,8d1baa67-c721-49d6-8998-2b6ed1c838fa
356,08105888,5671187,555bab42-b527-4e0d-a3a6-59474aed1ed3,33c116b5-e10e-4b74-88d1-546b49a3d9d9
357,08106050,5671175,555bab42-b527-4e0d-a3a6-59474aed1ed3,76db0f2c-6db0-46b8-b6eb-55a47b943a12
358,08106350,5592482,555bab42-b527-4e0d-a3a6-59474aed1ed3,b63ec9dd-5705-4038-8dcf-2f55207917ed
359,08106500,5593118,555bab42-b527-4e0d-a3a6-59474aed1ed3,2a970fda-df94-4456-a231-1f54074af439
360,08107950,5591642,555bab42-b527-4e0d-a3a6-59474aed1ed3,5648b362-eb4f-45e9-b2df-48a075339826
361,08108250,5593046,555bab42-b527-4e0d-a3a6-59474aed1ed3,57be673c-30af-4a52-ace8-4b983f5c6ff8
362,08108700,5558060,555bab42-b527-4e0d-a3a6-59474aed1ed3,a3ff1599-751b-46c2-845d-ba717c679b65
363,08108780,5557042,555bab42-b527-4e0d-a3a6-59474aed1ed3,111bc82d-583b-43ca-84bf-5023f96bfdac
364,08109700,5570395,555bab42-b527-4e0d-a3a6-59474aed1ed3,05ff6da4-bf5a-46f9-9e90-c83881ecd7ba
365,08109800,5570253,555bab42-b527-4e0d-a3a6-59474aed1ed3,625df840-c81f-4f66-b6fc-4ac48f0a8c8f
366,08110000,5570685,555bab42-b527-4e0d-a3a6-59474aed1ed3,e0dec211-136e-4f3b-a9eb-be52bbec6be8
367,08110100,5570225,555bab42-b527-4e0d-a3a6-59474aed1ed3,889ceb57-4e56-488b-92d5-ca269db39904
368,08110200,5559374,555bab42-b527-4e0d-a3a6-59474aed1ed3,07071308-f4bd-446e-9dc6-f2c28c3127d5
369,08110325,5575031,555bab42-b527-4e0d-a3a6-59474aed1ed3,4387f7ad-148b-4f76-afa7-96d9f80b886c
370,08110430,5574947,555bab42-b527-4e0d-a3a6-59474aed1ed3,b02fdc2e-fa54-483b-b073-834da00c8560
371,08110500,5575763,555bab42-b527-4e0d-a3a6-59474aed1ed3,ff1051ae-2164-4842-900a-27e740208680
372,08110800,5577121,555bab42-b527-4e0d-a3a6-59474aed1ed3,5ebc1c2e-ea53-48db-ab17-c74b076cc7b4
374,08111500,3121538,555bab42-b527-4e0d-a3a6-59474aed1ed3,79f9d872-dbd5-4533-b88b-c2475d8ff8df
375,08111700,3122466,555bab42-b527-4e0d-a3a6-59474aed1ed3,ae2236db-2c42-48fa-881f-27ef2f815591
376,08111850,3122690,555bab42-b527-4e0d-a3a6-59474aed1ed3,3211f132-e6ba-4cb7-959a-262dc4b1d703
377,08114000,3123784,555bab42-b527-4e0d-a3a6-59474aed1ed3,b737a136-c267-445d-be5e-2e800b581602
378,08114100,3123790,555bab42-b527-4e0d-a3a6-59474aed1ed3,a6396851-56a7-47c5-973c-1da95b5ac608
379,08115000,3124238,555bab42-b527-4e0d-a3a6-59474aed1ed3,c862e0ed-9942-4960-87c9-0e6d96f1144f
380,08116400,3123676,555bab42-b527-4e0d-a3a6-59474aed1ed3,8de70c82-5421-4970-b41f-fbdc6d130971
381,08116650,3124642,555bab42-b527-4e0d-a3a6-59474aed1ed3,b0af0528-7d1b-4b95-98f7-b6b96266d5a3
382,08116850,3124654,555bab42-b527-4e0d-a3a6-59474aed1ed3,93d8854f-2e93-4202-94bd-d139326bb164
384,08117370,1605410,555bab42-b527-4e0d-a3a6-59474aed1ed3,ac456085-69fb-4848-b57e-ecb61d082d05
385,08117500,1607520,555bab42-b527-4e0d-a3a6-59474aed1ed3,14bbcc8f-3d54-4308-a754-b7daa138c489
386,08117705,1607586,555bab42-b527-4e0d-a3a6-59474aed1ed3,1bcc6c35-7b3a-4152-b3b6-e89f5994c8bf
387,08117855,1612392,555bab42-b527-4e0d-a3a6-59474aed1ed3,49c1187b-9a5a-455f-b632-502ba1daa65f
388,08117995,5633401,555bab42-b527-4e0d-a3a6-59474aed1ed3,ce08c2c2-0f95-4200-85fd-ed892f04ad7a
389,08119500,5633425,555bab42-b527-4e0d-a3a6-59474aed1ed3,26dddbe5-093d-41f8-bdc5-e6db6e122b4c
390,08120500,5633615,555bab42-b527-4e0d-a3a6-59474aed1ed3,e7ffdb28-703b-42a0-9d78-9b0e5727ce29
392,08121000,5635847,555bab42-b527-4e0d-a3a6-59474aed1ed3,aef1951b-a61c-4fcd-9ed0-55b2125c1ea6
393,08123800,5714835,555bab42-b527-4e0d-a3a6-59474aed1ed3,0d03b6a2-1edd-4a01-8efb-2015ea5c1083
394,08123850,5721925,555bab42-b527-4e0d-a3a6-59474aed1ed3,3cd1878f-51b3-450f-8217-a21c64b33c3c
395,08124000,5722265,555bab42-b527-4e0d-a3a6-59474aed1ed3,427b38c5-81ca-4f50-a17c-e60ee5ba2468
396,08126380,5654720,555bab42-b527-4e0d-a3a6-59474aed1ed3,8a11aba7-9675-4425-be5c-b8aabd497b53
397,08127000,5656750,555bab42-b527-4e0d-a3a6-59474aed1ed3,155d34f7-1aab-41e7-b8c2-e8ae8e23f184
398,08128000,5702807,555bab42-b527-4e0d-a3a6-59474aed1ed3,cb091604-8019-4945-ba15-4758a6b35341
399,08128030,5702899,555bab42-b527-4e0d-a3a6-59474aed1ed3,45dd91cf-6989-4871-8119-eb1ac3ff190c
400,08128400,5707852,555bab42-b527-4e0d-a3a6-59474aed1ed3,b7b61538-438c-4237-815e-e55b39bf6281
401,08129300,5702767,555bab42-b527-4e0d-a3a6-59474aed1ed3,6cfdf3e1-828e-43f3-9d5e-b133adc35a6d
402,08130500,5702799,555bab42-b527-4e0d-a3a6-59474aed1ed3,3d8284ff-ee9e-49e6-b33d-867435e0c558
403,08130700,5702879,555bab42-b527-4e0d-a3a6-59474aed1ed3,f0c37111-09f6-4c76-9325-9e3b973a4ebb
405,08131400,5702253,555bab42-b527-4e0d-a3a6-59474aed1ed3,c4b4bc10-dbca-4525-ac6e-a07acff066a7
406,08132450,5702757,555bab42-b527-4e0d-a3a6-59474aed1ed3,40aaabb0-6beb-4b1f-a597-0601305a0f1c
407,08133250,5711103,555bab42-b527-4e0d-a3a6-59474aed1ed3,219fd011-a33c-43f0-93f5-c115f24d5568
408,08133500,5711823,555bab42-b527-4e0d-a3a6-59474aed1ed3,46370029-3c3f-4e1d-af57-d4b5b95ef3a5
410,08134000,5711941,555bab42-b527-4e0d-a3a6-59474aed1ed3,3426efa9-da09-43d2-988f-33da8d324c65
412,08134250,5712411,555bab42-b527-4e0d-a3a6-59474aed1ed3,e8aa2dd5-e3ed-4c30-9c16-874372bfbda2
413,08136000,5719546,555bab42-b527-4e0d-a3a6-59474aed1ed3,40105a1c-c338-4ccd-844f-8ae53bbc320c
414,08136500,5718784,555bab42-b527-4e0d-a3a6-59474aed1ed3,8cb92b8d-674e-406c-80c4-4e8b79d0b726
415,08136700,5727563,555bab42-b527-4e0d-a3a6-59474aed1ed3,5ceb24e3-0846-419e-b274-67dfa2fb8fa7
417,08140700,5735207,555bab42-b527-4e0d-a3a6-59474aed1ed3,b82134ea-6f68-4a68-a260-065268ce82fb
418,08140860,5741572,555bab42-b527-4e0d-a3a6-59474aed1ed3,e387133f-c197-4e75-a63a-865ada63857b
419,08142000,5741912,555bab42-b527-4e0d-a3a6-59474aed1ed3,dea5221c-d139-4128-b826-73cd089b7bde
420,08143500,5736533,555bab42-b527-4e0d-a3a6-59474aed1ed3,e831eab0-5506-4a81-ade9-364837c18b7c
421,08143600,5736179,555bab42-b527-4e0d-a3a6-59474aed1ed3,d311edd4-60fd-4956-a6c0-1675422cd73e
422,08143990,5747660,555bab42-b527-4e0d-a3a6-59474aed1ed3,2014efb6-1f09-42c3-a29e-ecb1b03e8e7e
423,08144500,5747704,555bab42-b527-4e0d-a3a6-59474aed1ed3,f9146990-2f09-4619-9293-514f1ff89f6d
425,08145000,5753504,555bab42-b527-4e0d-a3a6-59474aed1ed3,bfc81669-8805-4e58-a627-a16153203cc7
426,08146000,5746512,555bab42-b527-4e0d-a3a6-59474aed1ed3,97ee5542-6b8a-4c2a-8f0c-823495480f09
427,08147000,5756726,555bab42-b527-4e0d-a3a6-59474aed1ed3,c9120744-13c2-4cb7-bec4-776345733adf
428,08148500,5761759,555bab42-b527-4e0d-a3a6-59474aed1ed3,0012704c-4ef4-4a35-a394-05a73772b960
429,08149900,5765175,555bab42-b527-4e0d-a3a6-59474aed1ed3,6d313cfe-7913-4597-9af5-9b3eb2dac8ec
430,08150000,5770577,555bab42-b527-4e0d-a3a6-59474aed1ed3,ae5ba8be-9394-439c-ab77-94d8bde231f0
431,08150700,5769807,555bab42-b527-4e0d-a3a6-59474aed1ed3,df0afc7d-9a55-49a2-8544-1e84b64e12b5
432,08150800,5770545,555bab42-b527-4e0d-a3a6-59474aed1ed3,968e5085-c749-4e6f-aba2-64d03f318c33
433,08151500,5771725,555bab42-b527-4e0d-a3a6-59474aed1ed3,c4384a6e-24f5-4f63-905a-830deed2616a
435,08152000,5757354,555bab42-b527-4e0d-a3a6-59474aed1ed3,578cd52b-0b8f-4c98-9a37-b7f25c39c26a
437,08152900,5785479,555bab42-b527-4e0d-a3a6-59474aed1ed3,0cfbd5e3-b867-4eb0-8a8f-16d42e49d817
438,08153500,5786075,555bab42-b527-4e0d-a3a6-59474aed1ed3,46ff33e7-71b2-4612-a322-43fd36f3ccfc
439,08154700,5781189,555bab42-b527-4e0d-a3a6-59474aed1ed3,17887a01-c5bb-487f-ac08-9779d648179b
440,08155200,5781265,555bab42-b527-4e0d-a3a6-59474aed1ed3,bbe1b521-0335-45c0-8db5-37d5704dd6e3
441,08155240,5781325,555bab42-b527-4e0d-a3a6-59474aed1ed3,4eb0a29e-7182-44c0-939a-e044f2aba736
443,08155300,5781337,555bab42-b527-4e0d-a3a6-59474aed1ed3,805f3d37-f518-4478-9f68-45d896cc2239
444,08155400,5781893,555bab42-b527-4e0d-a3a6-59474aed1ed3,18782f8c-c9e8-4410-8374-b2a937192e91
445,08155500,5781893,555bab42-b527-4e0d-a3a6-59474aed1ed3,d3d3441f-5dc0-44f3-9907-ea2c78c1bc9b
446,08155541,5781709,555bab42-b527-4e0d-a3a6-59474aed1ed3,20ca008a-1512-49da-b10b-1d081ead9719
447,08156675,5781223,555bab42-b527-4e0d-a3a6-59474aed1ed3,f71f37d6-516e-4e5c-9ae3-e36d29624ab4
448,08156800,5781703,555bab42-b527-4e0d-a3a6-59474aed1ed3,d6a85092-ad74-4c53-ab9b-5f1287c4dbe5
449,08156910,5781313,555bab42-b527-4e0d-a3a6-59474aed1ed3,cb055a1f-182c-46af-8578-94a4242338f3
450,08157540,5781313,555bab42-b527-4e0d-a3a6-59474aed1ed3,ad10b5f4-eca7-4e8a-a054-7ea15c2f5d9b
454,08158000,5781917,555bab42-b527-4e0d-a3a6-59474aed1ed3,1e46bc6f-bac7-4863-b37c-73fc94d6ee41
455,08158030,5781319,555bab42-b527-4e0d-a3a6-59474aed1ed3,fb223172-78a5-408b-9544-c725b2335406
456,08158035,5781319,555bab42-b527-4e0d-a3a6-59474aed1ed3,710772b1-7616-435f-9dbc-b2c98ec39ed4
457,08158045,5781291,555bab42-b527-4e0d-a3a6-59474aed1ed3,3151596c-eb45-4149-a173-7243665bec35
458,08158200,5781217,555bab42-b527-4e0d-a3a6-59474aed1ed3,11280fac-5c11-4373-8f90-0f5f6a07fc71
459,08158380,5781203,555bab42-b527-4e0d-a3a6-59474aed1ed3,7855b92e-7379-410e-9c11-8d309ea20814
460,08158600,5781285,555bab42-b527-4e0d-a3a6-59474aed1ed3,649a67a9-3e78-4a5f-9ef1-fedc9213b37c
461,08158700,5780099,555bab42-b527-4e0d-a3a6-59474aed1ed3,101b2484-1224-46cf-9640-5ec22a6f13dc
463,08158810,5781401,555bab42-b527-4e0d-a3a6-59474aed1ed3,aa2d6b6d-a093-42ce-9351-a12f17124b60
464,08158813,5781417,555bab42-b527-4e0d-a3a6-59474aed1ed3,4e57b445-c4ec-4ded-8d20-ead918a1a4b3
466,08158827,5781431,555bab42-b527-4e0d-a3a6-59474aed1ed3,b9c2c2da-c43e-47f9-8f49-ec9ad1458502
467,08158840,5781373,555bab42-b527-4e0d-a3a6-59474aed1ed3,a2115881-a304-4d21-86f1-1a5bbe9497ce
468,08158860,5781407,555bab42-b527-4e0d-a3a6-59474aed1ed3,f5d36087-24f1-4c6f-a011-d5369d12a6c7
469,08158920,5781345,555bab42-b527-4e0d-a3a6-59474aed1ed3,c79dad1e-9cee-4752-9e13-6655e2c7a2a0
470,08158922,5781345,555bab42-b527-4e0d-a3a6-59474aed1ed3,0b349317-4135-40f9-8ca2-d9d0cfcff04a
471,08158927,5781353,555bab42-b527-4e0d-a3a6-59474aed1ed3,2cee8e55-a2d7-4986-8c74-9ac76dead323
472,08158930,5781731,555bab42-b527-4e0d-a3a6-59474aed1ed3,8704bdfe-5045-4fb7-a518-c8a0f4136e8c
473,08158970,5781731,555bab42-b527-4e0d-a3a6-59474aed1ed3,0a3c80e9-1710-48c5-87c3-a9aebad307d9
474,08159000,5781369,555bab42-b527-4e0d-a3a6-59474aed1ed3,6a4789bc-af50-4dab-ac79-5fb461cc486c
475,08159105,5789124,555bab42-b527-4e0d-a3a6-59474aed1ed3,7b436669-1771-47c7-9cb8-fbc528be47c2
476,08159110,5788864,555bab42-b527-4e0d-a3a6-59474aed1ed3,42baa6d6-dac8-4316-a6a4-6ff4edaad5e2
477,08159200,5790218,555bab42-b527-4e0d-a3a6-59474aed1ed3,2a57374f-016f-47b3-902e-0c087e227665
478,08159250,5789336,555bab42-b527-4e0d-a3a6-59474aed1ed3,372b84b7-7dca-423c-b5b5-902cee092404
479,08159500,5790058,555bab42-b527-4e0d-a3a6-59474aed1ed3,b7a12b06-4117-4ecf-8538-975d830ee4eb
480,08160400,5791848,555bab42-b527-4e0d-a3a6-59474aed1ed3,73b2f349-7b8f-40e6-b3bb-caaaaddaf7ec
481,08160800,5791670,555bab42-b527-4e0d-a3a6-59474aed1ed3,39c5ebac-e1bc-4101-8afc-a3b9da259a3a
482,08161000,5791934,555bab42-b527-4e0d-a3a6-59474aed1ed3,096bbc55-e829-4d82-bc0d-59a32e5fcd98
483,08162000,3764246,555bab42-b527-4e0d-a3a6-59474aed1ed3,a6852a33-3549-4e3f-b5d0-81fb292a43a5
484,08162500,3765768,555bab42-b527-4e0d-a3a6-59474aed1ed3,78f3d4ab-0b7a-4358-bab6-3554ef608c4e
485,08162501,3766368,555bab42-b527-4e0d-a3a6-59474aed1ed3,3aa10513-b702-4ff6-85d2-2023d540456e
486,08162600,9355362,555bab42-b527-4e0d-a3a6-59474aed1ed3,5a93da3a-dbc1-4b3d-a0c5-02997a1b1fe1
487,08163500,7841703,555bab42-b527-4e0d-a3a6-59474aed1ed3,e4ce9a86-403e-4860-86be-18dfb408b966
488,08164000,7842827,555bab42-b527-4e0d-a3a6-59474aed1ed3,0d9d2415-2bcc-42eb-a967-7a6a4013ced6
489,08164300,7846049,555bab42-b527-4e0d-a3a6-59474aed1ed3,84afa9f9-6652-4ce6-abe3-ed2efebbc149
490,08164390,7846429,555bab42-b527-4e0d-a3a6-59474aed1ed3,cbaf9a45-6fb8-4928-8c40-14365b5fbe9d
491,08164450,7846335,555bab42-b527-4e0d-a3a6-59474aed1ed3,c41eb610-15a8-4472-81ed-0299e7e61140
492,08164503,7846391,555bab42-b527-4e0d-a3a6-59474aed1ed3,2f1c83f9-36b6-4eac-8830-fa399540900f
493,08164504,7846399,555bab42-b527-4e0d-a3a6-59474aed1ed3,c497489b-e80f-4d3c-b9d0-1ec86d714646
494,08164600,9349285,555bab42-b527-4e0d-a3a6-59474aed1ed3,0b906d6f-cb2f-4f08-aba9-32fba2a6eb0e
495,08164800,9349455,555bab42-b527-4e0d-a3a6-59474aed1ed3,d6b7a430-9aae-4e37-91bc-2c9bc134f035
496,08165300,3585678,555bab42-b527-4e0d-a3a6-59474aed1ed3,abcada37-7c93-4654-b00d-89f24ce2fba1
497,08165500,3586192,555bab42-b527-4e0d-a3a6-59474aed1ed3,445bd93c-1c60-4a47-b33a-4f74a2b909f1
498,08166000,3585554,555bab42-b527-4e0d-a3a6-59474aed1ed3,95505a67-d52a-43bc-993a-5fd08bc07f2a
499,08166140,3585626,555bab42-b527-4e0d-a3a6-59474aed1ed3,233294da-cc0a-4dcb-8eb4-202926da36e1
500,08166200,3585724,555bab42-b527-4e0d-a3a6-59474aed1ed3,c9d19811-dea3-44fc-b6b9-52228704cb3d
501,08166250,3587616,555bab42-b527-4e0d-a3a6-59474aed1ed3,e81fa642-a3e8-45d7-8063-05a93ae320ba
502,08167000,3589508,555bab42-b527-4e0d-a3a6-59474aed1ed3,5e4f214a-04f7-49be-bc83-6a81c5aa2426
503,08167200,3589062,555bab42-b527-4e0d-a3a6-59474aed1ed3,9f4b006d-662f-4850-b393-983fd9dcd3da
507,08167500,3589120,555bab42-b527-4e0d-a3a6-59474aed1ed3,de25b48e-5f7d-4eee-8f1c-241dbc18f3a6
508,08167800,1619595,555bab42-b527-4e0d-a3a6-59474aed1ed3,797fd87b-cd6c-40ac-bf0b-e0082c0f1f18
509,08168000,1619639,555bab42-b527-4e0d-a3a6-59474aed1ed3,5ad5d267-11ea-4f8e-a429-d5a0f2813539
510,08168500,1620031,555bab42-b527-4e0d-a3a6-59474aed1ed3,3cb2aa74-0112-4c98-8882-189053300a07
511,08168797,1619663,555bab42-b527-4e0d-a3a6-59474aed1ed3,6d481db7-117d-4fdc-b086-7a2f0824b7c5
512,08168913,1619647,555bab42-b527-4e0d-a3a6-59474aed1ed3,6f9fe20f-0d32-4df3-a085-380c9d869fa8
513,08168932,1619647,555bab42-b527-4e0d-a3a6-59474aed1ed3,651528c2-73c1-4523-9720-fd93c5d8ba91
514,08169000,1619649,555bab42-b527-4e0d-a3a6-59474aed1ed3,d5c11ec4-d14a-4788-a216-3280c2ff1286
515,08169792,1620877,555bab42-b527-4e0d-a3a6-59474aed1ed3,5d83f953-96a7-402d-ab66-c541f371a7b9
516,08169845,1622735,555bab42-b527-4e0d-a3a6-59474aed1ed3,7079dae4-bc75-403a-bdef-dfef5528274f
517,08170500,1631099,555bab42-b527-4e0d-a3a6-59474aed1ed3,343ac993-fd80-447b-bbf7-d03cb8f25a68
518,08170890,1628229,555bab42-b527-4e0d-a3a6-59474aed1ed3,1002f337-e42e-4716-aaa1-0a2aaef08867
519,08170905,1628227,555bab42-b527-4e0d-a3a6-59474aed1ed3,6b4843c0-fb48-4c61-944b-36e9fcd783d9
520,08170950,1628253,555bab42-b527-4e0d-a3a6-59474aed1ed3,ae7138d7-db8f-4b93-a4eb-7abb1f18a226
521,08170990,1628219,555bab42-b527-4e0d-a3a6-59474aed1ed3,f876721f-ac68-4971-b389-9e2d6cbbf732
522,08171000,1630223,555bab42-b527-4e0d-a3a6-59474aed1ed3,15db1371-50ec-44a5-a9b5-07e5a69a7eb9
523,08171290,1629555,555bab42-b527-4e0d-a3a6-59474aed1ed3,0eb6c9ee-6012-414e-8661-cc248dbafcd0
524,08171300,1631023,555bab42-b527-4e0d-a3a6-59474aed1ed3,583a7db1-1b2d-4ad5-bdf6-294d9ad6b57a
525,08171350,1631129,555bab42-b527-4e0d-a3a6-59474aed1ed3,48a0d1d0-4afa-4276-b5b2-ca38d2ea67fd
526,08171400,1631195,555bab42-b527-4e0d-a3a6-59474aed1ed3,c65437bf-f881-4afe-962c-9201528231e2
527,08172000,1631387,555bab42-b527-4e0d-a3a6-59474aed1ed3,b197fe2b-db98-4b61-a7cc-59119c39b567
528,08172400,1631087,555bab42-b527-4e0d-a3a6-59474aed1ed3,ad6c5ce9-83d3-49ed-b9ad-b0519ff89248
529,08173000,1631587,555bab42-b527-4e0d-a3a6-59474aed1ed3,00ed1a5a-8601-4d00-90f7-6dbe0d5e3f10
530,08173900,1622713,555bab42-b527-4e0d-a3a6-59474aed1ed3,2c7bf5d9-3ea1-4449-8dd9-d5f6b76ef5ee
531,08174200,1620735,555bab42-b527-4e0d-a3a6-59474aed1ed3,5990ed74-aeba-4266-ac7a-33bdf6eff002
532,08174550,1620703,555bab42-b527-4e0d-a3a6-59474aed1ed3,90eed13b-2b69-48b9-80dd-08532b93fd05
533,08174600,1622763,555bab42-b527-4e0d-a3a6-59474aed1ed3,1b389172-2d08-415f-a60e-f947b599e55b
534,08174700,1623075,555bab42-b527-4e0d-a3a6-59474aed1ed3,48bdd550-05a6-4b12-a076-068728166cfd
535,08174970,1623071,555bab42-b527-4e0d-a3a6-59474aed1ed3,0da0bf6e-c1ed-4d9e-819c-988d39dea567
536,08175000,1623207,555bab42-b527-4e0d-a3a6-59474aed1ed3,521aa832-7c1d-4365-a2df-16619fd7434b
537,08175800,1637437,555bab42-b527-4e0d-a3a6-59474aed1ed3,d2d66c0e-f4f0-408d-a07e-504d18638f67
538,08176500,1639225,555bab42-b527-4e0d-a3a6-59474aed1ed3,e9900cec-94c0-4de2-b2ec-32a83244eafc
539,08176550,1638505,555bab42-b527-4e0d-a3a6-59474aed1ed3,90f29486-605a-4b3b-8369-251484f80e00
540,08176900,1638559,555bab42-b527-4e0d-a3a6-59474aed1ed3,f1c23a4a-526e-49b9-8325-8a92b0a1eeb1
541,08177300,1639209,555bab42-b527-4e0d-a3a6-59474aed1ed3,62e2bc8d-18bb-4f0f-8e16-120c40a5ab28
542,08177500,1638885,555bab42-b527-4e0d-a3a6-59474aed1ed3,5bb0f3a5-d73f-4661-9c54-6dddf9437b52
543,08177520,1640519,555bab42-b527-4e0d-a3a6-59474aed1ed3,98f3a232-de56-4216-9043-a8b9fd353087
544,08177700,10840810,555bab42-b527-4e0d-a3a6-59474aed1ed3,8deb1d6a-eb3a-4583-987d-59f3c7b974fc
546,08178000,10840818,555bab42-b527-4e0d-a3a6-59474aed1ed3,6d736c68-99de-4a3d-acac-7829ca4bfdad
547,08178050,10840818,555bab42-b527-4e0d-a3a6-59474aed1ed3,eea9d4b5-1ac6-4f89-9c6c-5150ff10d8ce
548,08178500,10840824,555bab42-b527-4e0d-a3a6-59474aed1ed3,fb32aa83-7ffe-411b-a0f8-27765ec9dee4
550,08178565,10840502,555bab42-b527-4e0d-a3a6-59474aed1ed3,ca9570cc-a968-4912-9705-3b883ba832bd
551,08178593,10840230,555bab42-b527-4e0d-a3a6-59474aed1ed3,64a481f2-6325-4f64-b21d-85eab44a8aac
552,08178700,10840232,555bab42-b527-4e0d-a3a6-59474aed1ed3,4966fdec-10a6-41a1-96e0-5f372ac9a9c5
553,08178800,10840488,555bab42-b527-4e0d-a3a6-59474aed1ed3,600f3544-f338-470d-87d5-eb3f4f94a3d4
554,817887350,10834470,555bab42-b527-4e0d-a3a6-59474aed1ed3,2c0c8930-9ac1-4941-adc8-17cd3b738332
555,08178880,10833740,555bab42-b527-4e0d-a3a6-59474aed1ed3,b8e9143e-8c30-4d51-a7e9-d42dbcfe096f
556,08178980,10834916,555bab42-b527-4e0d-a3a6-59474aed1ed3,2be7486f-7007-438f-ad25-4e6a0b3ca5d0
557,08179110,10834936,555bab42-b527-4e0d-a3a6-59474aed1ed3,ae1d9e01-ea33-4391-ba9d-4a1ee7c4a819
559,08180500,10836370,555bab42-b527-4e0d-a3a6-59474aed1ed3,41a94891-eb79-4a71-8a72-d58e0d96cb3d
560,08180586,10835018,555bab42-b527-4e0d-a3a6-59474aed1ed3,022caeb0-040e-4c45-9bee-96f17e6fc080
561,08180640,10836382,555bab42-b527-4e0d-a3a6-59474aed1ed3,65144f0b-283a-4cd5-a8b0-dabb08ce58c0
562,08180700,10835982,555bab42-b527-4e0d-a3a6-59474aed1ed3,2ed2bce7-d869-44ca-9775-afaa16327cb7
564,08180800,10836104,555bab42-b527-4e0d-a3a6-59474aed1ed3,1b13a7bc-5338-4df6-bf08-72396985d287
565,08181400,10835030,555bab42-b527-4e0d-a3a6-59474aed1ed3,243b58d6-a97b-4d97-acdc-2dc9079e7dc8
566,08181480,10836388,555bab42-b527-4e0d-a3a6-59474aed1ed3,e9bf5a73-3a45-4c88-8d15-c846eebd5e7b
567,08181500,10836092,555bab42-b527-4e0d-a3a6-59474aed1ed3,79d05b05-686f-42be-aee5-ca9412e06e2d
568,08181725,10840558,555bab42-b527-4e0d-a3a6-59474aed1ed3,91238020-4cae-49df-97e8-36d905c18649
569,08181800,10840572,555bab42-b527-4e0d-a3a6-59474aed1ed3,115cd5e3-c548-4f42-a280-50b122544f65
570,08183200,3836053,555bab42-b527-4e0d-a3a6-59474aed1ed3,13db622c-11d2-4b49-9180-7d4cd49c73cc
571,08183500,3838221,555bab42-b527-4e0d-a3a6-59474aed1ed3,67db2f49-bb64-4ba6-86c6-9c4bfab1a0f7
573,08183900,7850579,555bab42-b527-4e0d-a3a6-59474aed1ed3,80a43747-3e36-4c84-8e93-61d9c7e001e5
574,08183978,7850609,555bab42-b527-4e0d-a3a6-59474aed1ed3,6f9432b4-d0e5-45f2-a1be-cedf86d9f166
575,08184050,7850613,555bab42-b527-4e0d-a3a6-59474aed1ed3,9c7e2539-e22d-4217-abf6-65a3f3055828
576,08185000,7851041,555bab42-b527-4e0d-a3a6-59474aed1ed3,02ee30ca-ee0e-4132-a110-9b04b318a0e3
577,08185065,7850687,555bab42-b527-4e0d-a3a6-59474aed1ed3,24f0a456-5faf-4e84-95e5-704fbc7598fb
578,08185100,7851629,555bab42-b527-4e0d-a3a6-59474aed1ed3,75f2226d-dde1-4f47-8570-048b8e7def15
579,08185500,7851771,555bab42-b527-4e0d-a3a6-59474aed1ed3,0a481675-2805-449c-a0ce-f3b4426b9cf4
580,08186000,7852265,555bab42-b527-4e0d-a3a6-59474aed1ed3,683ca46d-2f99-444c-bcec-fad4a5425d4f
581,08186500,3838999,555bab42-b527-4e0d-a3a6-59474aed1ed3,88fecedf-06fb-410d-a74d-501c12abb93c
582,08187500,3839263,555bab42-b527-4e0d-a3a6-59474aed1ed3,e2c27dc9-8bd0-4c00-bc94-627f307e9eb2
583,08188060,3839167,555bab42-b527-4e0d-a3a6-59474aed1ed3,36644db6-e7bf-4aff-bf7c-905c337233ea
584,08188500,3840125,555bab42-b527-4e0d-a3a6-59474aed1ed3,0a13a5de-91f8-4c6a-8528-670f529c9bba
585,08188570,3840137,555bab42-b527-4e0d-a3a6-59474aed1ed3,03b4e36a-d7db-489a-a6a1-7bc4d1a583a1
586,08188590,7865394,555bab42-b527-4e0d-a3a6-59474aed1ed3,e67ebe3d-7142-4c13-a992-1a3050dec670
588,08188800,1640227,555bab42-b527-4e0d-a3a6-59474aed1ed3,b1eaac4e-aaef-4432-acfd-64abfcfd2004
589,08188810,1643099,555bab42-b527-4e0d-a3a6-59474aed1ed3,314494c5-c8bd-41b2-962c-a7799893e75b
590,08189200,3159657,555bab42-b527-4e0d-a3a6-59474aed1ed3,e12d3997-66ce-4be7-b0e4-6eea798458d0
591,08189300,5289427,555bab42-b527-4e0d-a3a6-59474aed1ed3,c03f54c7-e683-48e6-946b-0c33a23e6340
592,08189500,5289461,555bab42-b527-4e0d-a3a6-59474aed1ed3,53423549-f034-4e16-b477-b7391af0eed3
593,08189700,5297631,555bab42-b527-4e0d-a3a6-59474aed1ed3,26bc4196-357e-4f7c-8c8c-4973dde66b14
594,818999010,7869629,555bab42-b527-4e0d-a3a6-59474aed1ed3,411df04b-02a9-4236-89aa-49d7a8e1f441
595,08189998,7869281,555bab42-b527-4e0d-a3a6-59474aed1ed3,529c7bc4-d666-4018-9005-519f97fca88f
596,08190000,7872253,555bab42-b527-4e0d-a3a6-59474aed1ed3,656fd5f4-ec6f-4241-a0fe-96bb83218289
597,08190500,7876116,555bab42-b527-4e0d-a3a6-59474aed1ed3,3ec0e4b4-84a7-473a-baec-d8b2b0e1bc0d
598,08192000,10892689,555bab42-b527-4e0d-a3a6-59474aed1ed3,98cd430e-11dc-4630-97eb-d7988113a4b4
599,08193000,10893541,555bab42-b527-4e0d-a3a6-59474aed1ed3,9e2f5b5e-e6a1-4c33-b6f4-395e8dd1f10a
600,08194000,10630401,555bab42-b527-4e0d-a3a6-59474aed1ed3,c88a2d1a-2ad6-4739-8e18-360cc015a803
601,08194200,10634531,555bab42-b527-4e0d-a3a6-59474aed1ed3,db478cfd-eba0-41f2-9b78-d9012604e529
602,08194500,10631613,555bab42-b527-4e0d-a3a6-59474aed1ed3,b65fe8f2-473e-42dc-8c16-d10a7df82fac
604,08195000,10645755,555bab42-b527-4e0d-a3a6-59474aed1ed3,19eb81ad-de1f-47ca-9d09-fb0f5cf0041b
605,08196000,10644541,555bab42-b527-4e0d-a3a6-59474aed1ed3,114e5b29-9bc7-4f92-845d-073b0068541c
606,08197500,10646917,555bab42-b527-4e0d-a3a6-59474aed1ed3,d1b3b79a-0a28-44ac-9f7a-0e86845154b2
607,08197936,10644091,555bab42-b527-4e0d-a3a6-59474aed1ed3,088e43ae-f7f9-4cb3-aab7-fa556073c7d7
608,08198000,10645747,555bab42-b527-4e0d-a3a6-59474aed1ed3,377bd042-cb29-433c-b8b5-8c11c6786ce0
609,08198500,10646003,555bab42-b527-4e0d-a3a6-59474aed1ed3,dbd0de6e-70f3-472a-a6f0-f864b9e19cbf
610,08200000,10654651,555bab42-b527-4e0d-a3a6-59474aed1ed3,b704dbad-5334-4f25-9e4f-d6290d25b74c
612,08200720,10655685,555bab42-b527-4e0d-a3a6-59474aed1ed3,d70e4487-f871-44ad-91da-297c8cb94fea
613,08200977,10653947,555bab42-b527-4e0d-a3a6-59474aed1ed3,a2051a57-5460-4fa4-bffc-c07d52a6f1b4
614,08201500,10653905,555bab42-b527-4e0d-a3a6-59474aed1ed3,c1c6a19b-408a-4389-b62f-f459339b233b
615,08202700,10655687,555bab42-b527-4e0d-a3a6-59474aed1ed3,8b190044-72ff-4514-9331-4e417a8549b6
616,08203450,10645939,555bab42-b527-4e0d-a3a6-59474aed1ed3,f01a04a0-08dc-4b5d-8137-707d1158fcf9
617,08204005,10646939,555bab42-b527-4e0d-a3a6-59474aed1ed3,e44b1d38-f503-4d3d-838e-9f731ca0a47c
618,08205500,10661028,555bab42-b527-4e0d-a3a6-59474aed1ed3,793ed00e-4673-4b83-a9c5-591352854f0c
619,08206600,10664192,555bab42-b527-4e0d-a3a6-59474aed1ed3,00f66fbe-ffc4-4b4f-b438-214ec67110a8
620,08206700,10671061,555bab42-b527-4e0d-a3a6-59474aed1ed3,45e4d9d3-7051-4d71-952d-4bb533f53502
621,08206910,10664160,555bab42-b527-4e0d-a3a6-59474aed1ed3,008441ba-2c3e-4c0e-b6cf-b7266f847d77
622,08207500,10827864,555bab42-b527-4e0d-a3a6-59474aed1ed3,7f330844-70fd-431a-aaac-6199a5cfdfb6
623,08208000,10828654,555bab42-b527-4e0d-a3a6-59474aed1ed3,697d3dae-6dfd-4fd6-a373-2bf1fe48a50c
624,08210000,3168766,555bab42-b527-4e0d-a3a6-59474aed1ed3,d56b2e24-4e17-4ef9-aa1e-6dc3b912e74f
625,08210400,3168874,555bab42-b527-4e0d-a3a6-59474aed1ed3,2451f202-7111-4867-b8d6-946c6c6639bd
626,08211000,3170312,555bab42-b527-4e0d-a3a6-59474aed1ed3,89f52151-4163-43fa-bd96-2e715d3cfa61
627,08211200,3171770,555bab42-b527-4e0d-a3a6-59474aed1ed3,2b3ddce6-9045-4c46-bd6c-49d75f275d67
628,08211500,3171902,555bab42-b527-4e0d-a3a6-59474aed1ed3,14e3b197-c2b4-43c0-889f-d6cc20e1b27e
630,08211520,1636035,555bab42-b527-4e0d-a3a6-59474aed1ed3,0bb3d83e-9c8d-4a2b-92b8-77f8ee6ef975
631,08211800,1653097,555bab42-b527-4e0d-a3a6-59474aed1ed3,c180620c-9087-4a03-b53b-0b7de3c13b73
632,08211900,1653465,555bab42-b527-4e0d-a3a6-59474aed1ed3,c389e493-2d8b-46ed-b11a-91da1f442a68
633,08212300,1655121,555bab42-b527-4e0d-a3a6-59474aed1ed3,aa41e834-0ab5-4541-842c-dddbf451681b
634,08212400,1585173,555bab42-b527-4e0d-a3a6-59474aed1ed3,a7210b66-bb17-45c2-8917-1c560e80d4fe
635,08212820,1584123,555bab42-b527-4e0d-a3a6-59474aed1ed3,941b2126-b0e1-42fa-8098-46e0769d40a0
636,08374550,291639,555bab42-b527-4e0d-a3a6-59474aed1ed3,01e77ac0-8d65-4c14-b79d-7f8d83b99c22
637,08375300,1131000968,555bab42-b527-4e0d-a3a6-59474aed1ed3,e5de1f84-1d20-4884-95d9-1b12819a5c93
639,08412500,3210721,555bab42-b527-4e0d-a3a6-59474aed1ed3,875e5d9c-50ed-46bd-8a8e-f8d1764a164c
641,08419000,943070051,555bab42-b527-4e0d-a3a6-59474aed1ed3,4c4f3ce6-4cc7-46a2-b924-2d054977ce73
642,08427000,20756674,555bab42-b527-4e0d-a3a6-59474aed1ed3,b24cf895-d1e8-4cd0-8401-f7a9b7da73ec
643,08427500,20756674,555bab42-b527-4e0d-a3a6-59474aed1ed3,f1b80321-f531-4487-8faa-2fa7dcf32590
644,08433000,20749139,555bab42-b527-4e0d-a3a6-59474aed1ed3,67355208-fc95-4580-b72c-934d22cd9d56
645,08437710,3212475,555bab42-b527-4e0d-a3a6-59474aed1ed3,2ae1cbdf-3152-42f2-be9f-8e20d388d591
646,08446500,3213331,555bab42-b527-4e0d-a3a6-59474aed1ed3,ebefd1e9-852d-4e67-8ecb-a9a10451416f
647,08447000,332712,555bab42-b527-4e0d-a3a6-59474aed1ed3,dde82389-eafc-4f60-b09d-4e2da0c28192
648,08447020,3158167,555bab42-b527-4e0d-a3a6-59474aed1ed3,5c1cb84a-53ad-473a-96e7-23a4a7a38ee9
649,08447300,333056,555bab42-b527-4e0d-a3a6-59474aed1ed3,678468a3-f149-4b37-91b6-820ef4409b49
650,08449100,12096273,555bab42-b527-4e0d-a3a6-59474aed1ed3,a049fd84-3c34-43de-8290-043607ac932a
652,08456310,318261,555bab42-b527-4e0d-a3a6-59474aed1ed3,d6b106a0-f2d2-4686-88cd-158f1fb3701d
653,08458995,606903,555bab42-b527-4e0d-a3a6-59474aed1ed3,2405f34b-2abf-4eb6-8567-46c51d8b5c95
655,08474095,626116,555bab42-b527-4e0d-a3a6-59474aed1ed3,89c8d9e6-bf45-4348-aff4-727eaa1c9ef4
656,08474107,626116,555bab42-b527-4e0d-a3a6-59474aed1ed3,c0b510c3-aab9-48d2-8618-8a40296968b1
658,08474110,207851,555bab42-b527-4e0d-a3a6-59474aed1ed3,d2dea47b-adfb-4f89-b473-3709990acfe8
659,08474300,626100,555bab42-b527-4e0d-a3a6-59474aed1ed3,ccf5c8b3-d466-42dc-be19-d52e22c75fae
